GAIN_LOSS,SECURITY,CLOSE_PRIC,PREV_CL_PR,PERCENT_CG
 ,Nifty 50 Sec., , , 
 , , , , 
G,HDFC LTD,      2494.60,      2424.65,2.88
G,DIVI'S LABORATORIES LTD,      3824.70,      3717.90,2.87
G,BAJAJ FINANCE LIMITED,      5286.70,      5146.60,2.72
G,HDFC BANK LTD,      1441.80,      1410.70,2.2
G,INDUSIND BANK LIMITED,       935.80,       921.80,1.52
G,ULTRATECH CEMENT LIMITED,      5171.80,      5113.00,1.15
G,SHREE CEMENT LIMITED,     24510.40,     24259.10,1.04
G,TECH MAHINDRA LIMITED,       930.10,       921.55,.93
G,HDFC LIFE INS CO LTD,       654.55,       648.70,.9
G,TATA CONSULTANCY SERV LT,      2838.20,      2814.20,.85
G,LARSEN & TOUBRO LTD.,      1278.80,      1268.25,.83
G,DR. REDDY'S LABORATORIES,      5072.85,      5038.95,.67
G,KOTAK MAHINDRA BANK LTD,      1965.45,      1952.55,.66
G,RELIANCE INDUSTRIES LTD,      1985.60,      1976.55,.46
G,BAJAJ FINSERV LTD.,      9294.10,      9257.70,.39
 , , , , 
L,HINDALCO  INDUSTRIES  LTD,       245.85,       251.45,-2.23
L,ADANI PORT & SEZ LTD,       467.75,       475.55,-1.64
L,POWER GRID CORP. LTD.,       193.30,       196.20,-1.48
L,COAL INDIA LTD,       143.45,       145.50,-1.41
L,OIL AND NATURAL GAS CORP.,       101.50,       102.90,-1.36
L,MARUTI SUZUKI INDIA LTD.,      7694.00,      7796.35,-1.31
L,TATA STEEL LIMITED,       635.30,       643.40,-1.26
L,HINDUSTAN UNILEVER LTD.,      2315.30,      2343.95,-1.22
L,JSW STEEL LIMITED,       366.20,       370.60,-1.19
L,BHARAT PETROLEUM CORP  LT,       395.40,       399.60,-1.05
L,BAJAJ AUTO LIMITED,      3270.45,      3303.50,-1
L,INDIAN OIL CORP LTD,        95.40,        96.35,-0.99
L,UPL LIMITED,       455.40,       459.65,-0.92
L,SUN PHARMACEUTICAL IND L,       571.35,       576.60,-0.91
L,HCL TECHNOLOGIES LTD,       879.35,       885.05,-0.64
L,STATE BANK OF INDIA,       267.70,       269.40,-0.63
L,BRITANNIA INDUSTRIES LTD,      3729.75,      3752.60,-0.61
L,INFOSYS LIMITED,      1159.20,      1165.70,-0.56
L,TATA MOTORS LIMITED,       181.70,       182.55,-0.47
L,CIPLA LTD,       783.20,       786.80,-0.46
L,ITC LTD,       213.05,       214.00,-0.44
L,NTPC LTD,       104.45,       104.90,-0.43
L,WIPRO LTD,       356.90,       358.40,-0.42
L,GAIL (INDIA) LTD,       123.90,       124.40,-0.4
L,ICICI BANK LTD.,       510.40,       512.45,-0.4
L,ASIAN PAINTS LIMITED,      2575.05,      2582.45,-0.29
L,GRASIM INDUSTRIES LTD,       912.70,       914.80,-0.23
L,BHARTI AIRTEL LIMITED,       515.10,       516.20,-0.21
L,MAHINDRA & MAHINDRA LTD,       730.65,       731.95,-0.18
L,TITAN COMPANY LIMITED,      1501.95,      1504.45,-0.17
 , , , , 
 ,Nifty Next 50 Sec., , , 
 , , , , 
G,BERGER PAINTS (I) LTD,       709.65,       689.75,2.89
G,GENERAL INS CORP OF INDIA,       145.35,       141.35,2.83
G,ADANI GREEN ENERGY LTD,      1041.55,      1019.40,2.17
G,SBI CARDS & PAY SER LTD,       840.30,       827.20,1.58
G,ALKEM LABORATORIES LTD.,      2937.00,      2896.10,1.41
G,CADILA HEALTHCARE LIMITED,       475.05,       469.00,1.29
G,HAVELLS INDIA LIMITED,       911.05,       901.15,1.1
G,LUPIN LIMITED,       970.50,       960.35,1.06
G,MOTHERSON SUMI SYSTEMS LT,       158.30,       156.75,0.99
G,NMDC LTD.,       115.60,       114.60,0.87
G,ORACLE FIN SERV SOFT LTD.,      3134.35,      3112.15,0.71
G,L&T INFOTECH LIMITED,      3306.00,      3288.95,0.52
G,ACC LIMITED,      1639.30,      1633.10,0.38
G,PIDILITE INDUSTRIES LTD,      1629.65,      1625.95,0.23
G,CONTAINER CORP OF IND LTD,       408.75,       407.85,0.22
G,BOSCH LIMITED,     13353.45,     13324.15,0.22
G,BIOCON LIMITED.,       460.90,       460.00,0.2
G,MUTHOOT FINANCE LIMITED,      1218.50,      1217.55,0.08
G,MARICO LIMITED,       413.30,       413.15,0.04
 , , , , 
L,BANK OF BARODA,        63.80,        66.40,-3.92
L,AVENUE SUPERMARTS LIMITED,      2556.05,      2627.05,-2.7
L,PUNJAB NATIONAL BANK,        37.00,        37.95,-2.5
L,HINDUSTAN PETROLEUM CORP,       225.95,       230.60,-2.02
L,UNITED SPIRITS LIMITED,       583.55,       594.85,-1.9
L,PETRONET LNG LIMITED,       259.35,       264.10,-1.8
L,INDRAPRASTHA GAS LTD,       479.80,       487.55,-1.59
L,POWER FIN CORP LTD.,       118.45,       120.25,-1.5
L,BHARTI INFRATEL LTD.,       241.65,       245.30,-1.49
L,UNITED BREWERIES LTD,      1144.20,      1157.15,-1.12
L,ABBOTT INDIA LIMITED,     16096.25,     16276.60,-1.11
L,PIRAMAL ENTERPRISES LTD,      1441.60,      1457.60,-1.1
L,TATA CONSUMER PRODUCT LTD,       577.30,       583.60,-1.08
L,TORRENT PHARMACEUTICALS L,      2760.55,      2788.95,-1.02
L,SIEMENS LTD,      1526.30,      1541.95,-1.01
L,BANDHAN BANK LIMITED,       406.35,       410.15,-0.93
L,INFO EDGE (I) LTD,      4560.75,      4601.15,-0.88
L,HDFC AMC LIMITED,      2838.25,      2862.70,-0.85
L,ICICI PRU LIFE INS CO LTD,       482.15,       486.25,-0.84
L,BAJAJ HOLDINGS & INVS LTD,      3123.40,      3148.95,-0.81
L,INTERGLOBE AVIATION LTD,      1642.55,      1655.85,-0.8
L,COLGATE PALMOLIVE LTD.,      1602.65,      1611.50,-0.55
L,ADANI TRANSMISSION LTD,       429.35,       431.65,-0.53
L,DLF LIMITED,       234.30,       235.40,-0.47
L,AUROBINDO PHARMA LTD,       872.00,       875.70,-0.42
L,DABUR INDIA LTD,       511.50,       513.65,-0.42
L,P&G HYGIENE & HEALTH CARE,     11179.55,     11205.55,-0.23
L,AMBUJA CEMENTS LTD,       246.75,       247.25,-0.2
L,GODREJ CONSUMER PRODUCTS,       719.20,       720.65,-0.2
L,ICICI LOMBARD GIC LIMITED,      1477.55,      1479.35,-0.12
 , , , , 
 ,OTHER SECURITIES, , , 
 , , , , 
G,VARDHMAN POLYTEX LTD.,        14.40,        12.00,20
G,SEC RED NCD 9.05% SR. II,       198.00,       165.00,20
G,RAJ TV NETWORK LTD,        42.60,        35.50,20
G,RANE ENG VALVE LTD,       276.75,       230.65,19.99
G,GOLDEN TOBACCO LIMITED,        50.55,        42.15,19.93
G,TARMAT LIMITED,        56.00,        46.70,19.91
G,BANG OVERSEAS LTD.,        29.25,        24.40,19.88
G,KHANDWALA SECURITIES LTD,        12.75,        10.65,19.72
G,VIPUL LIMITED,        20.45,        17.10,19.59
G,MADHAV COPPER LIMITED,        96.65,        81.00,19.32
G,RAVI KUMAR DIST. LTD.,        11.20,         9.60,16.67
G,EMAMI PAPER MILLS LIMITED,       100.10,        86.25,16.06
G,TAX FREE7.35% SR.IIA,      1470.00,      1272.00,15.57
G,RANE HOLDINGS LIMITED,       642.85,       558.50,15.1
G,MURUDESHWAR CERAMICS LTD,        24.05,        20.95,14.8
G,0.01% CUM. RED. PREF,         5.90,         5.20,13.46
G,UNS RED NCD 9.12% SR. IX,       740.00,       658.80,12.33
G,USHANTI COLOUR CHEM LTD,        32.00,        28.55,12.08
G,NAHAR SPINNING MILLS LTD.,        72.35,        64.85,11.57
G,RKEC PROJECTS LIMITED,        40.00,        36.00,11.11
G,BEML LIMITED,       883.00,       799.90,10.39
G,IFGL REFRACTORIES LIMITED,       213.10,       193.10,10.36
G,SHREE RAMA NEWSPRINT LTD,        16.00,        14.50,10.34
G,B&B TRIPLEWALL CONT LTD,        45.10,        41.00,10
G,NANDAN DENIM LIMITED,        29.15,        26.50,10
G,CELEBRITY FASHIONS LTD,         5.50,         5.00,10
G,SURYALAKSHMI COT MIL LTD,        28.05,        25.50,10
G,SHIVA TEXYARN LIMITED,       112.30,       102.10,9.99
G,ZODIAC JRD-MKJ LTD,        32.00,        29.10,9.97
G,SHRENIK LIMITED,         5.00,         4.55,9.89
 , , , , 
L,SEC RED NCD 9.50% SR. VII,       623.65,       735.00,-15.15
L,ARO GRANITE IND. LTD.,        42.45,        48.35,-12.2
L,BURGER KING INDIA LIMITED,       175.00,       194.40,-9.98
L,SOLEX ENERGY LIMITED,        29.10,        31.95,-8.92
L,SEC RED NCD SR.VIII,       980.00,      1075.00,-8.84
L,HINDUJA GLOBAL SOLS. LTD.,      1087.20,      1187.35,-8.43
L,HIMATSINGKA SEIDE LTD,       146.30,       159.60,-8.33
L,D P WIRES LIMITED,        80.95,        88.10,-8.12
L,ADITYABIRLA - BSLRIFS4RG,         8.20,         8.92,-8.07
L,CYBERTECH SYSTEMS & SOFTW,       139.15,       151.30,-8.03
L,BOROSIL LIMITED,       177.00,       191.85,-7.74
L,INVENTURE GRO & SEC LTD,        17.45,        18.90,-7.67
L,S CHAND AND COMPANY LTD,        73.00,        78.90,-7.48
L,TAINWALA CHEMICAL AND PLA,        77.60,        83.75,-7.34
L,ASAHI SONGWON COLOR LTD,       251.20,       271.10,-7.34
L,GTL INFRA.LTD,          .65,          .70,-7.14
L,BHAGYANAGAR INDIA LIMITED,        31.45,        33.85,-7.09
L,KOTHARI SUG & CHEM LTD.,        18.55,        19.95,-7.02
L,WESTLIFE DEVELOPMENT LTD,       437.45,       469.70,-6.87
L,KESORAM INDUSTRIES LTD,        57.95,        62.05,-6.61
L,DYNACONS SYS & SOLN LTD,        72.75,        77.75,-6.43
L,DHANI LOANS & SERV LTD,       925.00,       987.95,-6.37
L,BOND 9% 2021 TR-1 SR-I,      5090.00,      5430.00,-6.26
L,RAMKY INFRA LTD,        48.25,        51.45,-6.22
L,SUNDARMAMC - M14RG,         6.84,         7.29,-6.17
L,SUNDARMAMC - M15RD,         6.00,         6.39,-6.1
L,AIRO LAM LIMITED,        25.00,        26.60,-6.02
L,SIGMA SOLVE LIMITED,        47.00,        50.00,-6
L,MAZAGON DOCK SHIPBUIL LTD,       207.35,       220.30,-5.88
L,SUNDARMAMC - M17RG,         5.60,         5.94,-5.72
